Nrules,Complexity,RMSE
563,1125,197.460090191515
21,41,135.002050545975
4,7,121.648822479968
3,5,120.836236336315
2,3,119.005241207638
1,1,117.630010560008
