Nrules,Complexity,RMSE
1235,2469,87.2196929614857
14,27,83.5432057973556
9,17,84.8220585457245
4,7,87.9258885531168
3,5,89.125166108905
1,1,92.5211702516822
